{"params": {"food_exercise_avg_7d": -2.0196533173078386, "ar.L1": 0.903401697090753, "ar.L2": -0.3970211998358408, "ma.L1": -1.3025031098730666, "ma.L2": 0.4688469486852063, "sigma2": 1.184070910535729}, "order": [2, 1, 2], "exog_mean": 0.5969774273345702, "exog_std": 0.17402459255922126}