{"params": {"food_exercise_avg_7d": -2.012444540886125, "ar.L1": 0.9141886382847535, "ar.L2": -0.4041309724451856, "ma.L1": -1.315148190301952, "ma.L2": 0.4812392892759543, "sigma2": 1.1785164386566795}, "order": [2, 1, 2], "exog_mean": 0.5966774342408859, "exog_std": 0.1736311462379524}