{"slope": -1.756263258298237, "intercept": 0.7455895974608459, "food_min": 2.857142857142857, "food_range": 3.285714285714286, "exer_min": 1.0, "exer_range": 5.0, "w1": 0.02}