{"params": {"food_exercise_avg_7d": -1.9552753792748347, "ar.L1": 0.9216916139572324, "ar.L2": -0.40794245528541806, "ma.L1": -1.328308268852641, "ma.L2": 0.4958473324477465, "sigma2": 1.186742147254378}, "order": [2, 1, 2], "exog_mean": 0.597008547008547, "exog_std": 0.17447198628196742}