{"slope": -1.9048071730792977, "intercept": 0.8955044987001476, "food_min": 2.857142857142857, "food_range": 3.285714285714286, "exer_min": 0.0, "exer_range": 6.0, "w1": 0.2}