{"params": {"food_exercise_avg_7d": -2.2907632524403745, "ma.L1": -0.40190822215480737, "ma.L2": -0.29376370632377546, "sigma2": 1.2065250628863664}, "order": [0, 1, 2], "exog_mean": 0.5969460227272726, "exog_std": 0.17576718207008832}