{"params": {"food_exercise_avg_7d": -2.2899479728524086, "ma.L1": -0.4017142878377269, "ma.L2": -0.29369798458473567, "sigma2": 1.2002540263165706}, "order": [0, 1, 2], "exog_mean": 0.5971110064374312, "exog_std": 0.17532384007212334}